epochs,batch_size,val_rmse,val_mse,val_mae
40,1024,0.269331623178386,0.07253952324390411,0.19115790724754333
