epochs,batch_size,val_rmse,val_mae
20,128,0.35007605492682786,0.23910678923130035
